"0","maf - x
"
"1","snp_22_30772686 "
"1","snp_22_34965577 "
"1","snp_22_49436707 "
"1","snp_22_30631851 "
"1","
"
"1","              0 "
"1","              0 "
"1","              0 "
"1","              0 "
"1","
"
"1","snp_22_46215888 "
"1","snp_22_34153853 "
"1","snp_22_33671358 "
"1","snp_22_21970216 "
"1","
"
"1","              0 "
"1","              0 "
"1","              0 "
"1","              0 "
"1","
"
"1","snp_22_47528038 "
"1","snp_22_48286671 "
"1","snp_22_32778467 "
"1","snp_22_23454881 "
"1","
"
"1","              0 "
"1","              0 "
"1","              0 "
"1","              0 "
"1","
"
"1","snp_22_45144106 "
"1","snp_22_17903914 "
"1","snp_22_48749371 "
"1","snp_22_44920999 "
"1","
"
"1","              0 "
"1","              0 "
"1","              0 "
"1","              0 "
"1","
"
"1","snp_22_17434521 "
"1","snp_22_34358202 "
"1","snp_22_41256802 "
"1","snp_22_45069410 "
"1","
"
"1","              0 "
"1","              0 "
"1","              0 "
"1","              0 "
"1","
"
"1","snp_22_49542221 "
"1","snp_22_42606894 "
"1","snp_22_29908154 "
"1","snp_22_36478989 "
"1","
"
"1","              0 "
"1","              0 "
"1","              0 "
"1","              0 "
"1","
"
"1","snp_22_46686404 "
"1","snp_22_28002430 "
"1","snp_22_43754099 "
"1","snp_22_39406711 "
"1","
"
"1","              0 "
"1","              0 "
"1","              0 "
"1","              0 "
"1","
"
"1","snp_22_26955854 "
"1","snp_22_43336231 "
"1","snp_22_36620336 "
"1","snp_22_19046943 "
"1","
"
"1","              0 "
"1","              0 "
"1","              0 "
"1","              0 "
"1","
"
"1","snp_22_45782142 "
"1","snp_22_34896078 "
"1","snp_22_17993946 "
"1","snp_22_23699601 "
"1","
"
"1","              0 "
"1","              0 "
"1","              0 "
"1","              0 "
"1","
"
"1","snp_22_43610808 "
"1","snp_22_16932440 "
"1","snp_22_28643510 "
"1","
"
"1","              0 "
"1","              0 "
"1","              0 "
"1","
"
